x,y,pen_down
4,9,True
4,9,False
722,144,False
722,144,False
652,148,False
652,148,False
646,152,False
646,152,False
795,153,False
795,153,False
732,154,False
732,154,False
774,156,False
774,156,False
731,159,False
731,159,False
800,159,False
800,159,False
748,163,False
748,163,False
766,165,False
766,165,False
833,171,False
833,171,False
669,173,False
669,173,False
677,174,False
677,174,False
741,175,False
741,175,False
861,176,False
861,176,False
836,177,False
836,177,False
852,181,False
852,181,False
763,183,False
763,183,False
689,187,False
689,187,False
693,187,False
693,187,False
622,188,False
622,188,False
765,189,False
765,189,False
909,191,False
909,191,False
608,194,False
608,194,False
684,195,False
684,195,False
778,197,False
778,197,False
662,198,False
662,198,False
777,201,False
777,201,False
938,201,False
938,201,False
585,202,False
585,202,False
871,202,False
871,202,False
817,203,False
817,203,False
591,204,False
591,204,False
602,204,False
602,204,False
910,204,False
910,204,False
769,205,False
769,205,False
606,206,False
606,206,False
772,208,False
772,208,False
765,209,False
765,209,False
949,209,False
949,209,False
575,210,False
575,210,False
920,211,False
920,211,False
578,213,False
578,213,False
789,213,False
789,213,False
617,214,False
617,214,False
632,216,False
632,216,False
578,218,False
578,218,False
859,218,False
859,218,False
535,219,False
535,219,False
704,220,False
704,220,False
727,220,False
727,220,False
871,220,False
871,220,False
797,222,False
797,222,False
851,222,False
851,222,False
910,222,False
910,222,False
604,224,False
604,224,False
516,226,False
516,226,False
650,227,False
650,227,False
706,227,False
706,227,False
925,228,False
925,228,False
728,229,False
728,229,False
509,230,False
509,230,False
800,230,False
800,230,False
835,230,False
835,230,False
503,231,False
503,231,False
934,231,False
934,231,False
730,232,False
730,232,False
937,233,False
937,233,False
1014,237,False
1014,237,False
779,238,False
779,238,False
759,240,False
759,240,False
904,240,False
904,240,False
1000,241,False
1000,241,False
1038,242,False
1038,242,False
492,244,False
492,244,False
869,244,False
869,244,False
988,245,False
988,245,False
881,246,False
881,246,False
892,246,False
892,246,False
556,248,False
556,248,False
628,248,False
628,248,False
809,248,False
809,248,False
492,249,False
492,249,False
497,249,False
497,249,False
576,250,False
576,250,False
977,250,False
977,250,False
484,251,False
484,251,False
899,251,False
899,251,False
522,252,False
522,252,False
541,252,False
541,252,False
961,252,False
961,252,False
431,253,False
431,253,False
697,254,False
697,254,False
946,254,False
946,254,False
958,254,False
958,254,False
969,254,False
969,254,False
892,255,False
892,255,False
820,256,False
820,256,False
914,257,False
914,257,False
982,257,False
982,257,False
824,259,False
824,259,False
814,260,False
814,260,False
888,260,False
888,260,False
1077,260,False
1077,260,False
426,262,False
426,262,False
688,262,False
688,262,False
725,263,False
725,263,False
756,266,False
756,266,False
1501,267,False
1501,267,False
892,268,False
892,268,False
651,270,False
651,270,False
733,270,False
733,270,False
543,271,False
543,271,False
541,272,False
541,272,False
452,273,False
452,273,False
584,273,False
584,273,False
490,274,False
490,274,False
903,274,False
903,274,False
446,275,False
446,275,False
528,275,False
528,275,False
441,276,False
441,276,False
475,276,False
475,276,False
757,276,False
757,276,False
1463,276,False
1463,276,False
1012,279,False
1012,279,False
1132,279,False
1132,279,False
682,280,False
682,280,False
704,280,False
704,280,False
740,280,False
740,280,False
942,280,False
942,280,False
1360,280,False
1360,280,False
1402,280,False
1402,280,False
670,281,False
670,281,False
557,282,False
557,282,False
567,282,False
567,282,False
559,283,False
559,283,False
571,284,False
571,284,False
388,285,False
388,285,False
811,285,False
811,285,False
419,286,False
419,286,False
903,286,False
903,286,False
358,287,False
358,287,False
620,287,False
620,287,False
745,287,False
745,287,False
1456,287,False
1456,287,False
672,288,False
672,288,False
826,288,False
826,288,False
847,288,False
847,288,False
557,289,False
557,289,False
837,290,False
837,290,False
859,290,False
859,290,False
937,290,False
937,290,False
1460,290,False
1460,290,False
475,291,False
475,291,False
543,291,False
543,291,False
810,291,False
810,291,False
931,291,False
931,291,False
569,292,False
569,292,False
726,292,False
726,292,False
1361,292,False
1361,292,False
1426,293,False
1426,293,False
322,294,False
322,294,False
535,294,False
535,294,False
823,295,False
823,295,False
828,295,False
828,295,False
930,295,False
930,295,False
1327,295,False
1327,295,False
1492,295,False
1492,295,False
753,296,False
753,296,False
872,296,False
872,296,False
957,296,False
957,296,False
576,297,False
576,297,False
885,298,False
885,298,False
441,300,False
441,300,False
819,300,False
819,300,False
1107,300,False
1107,300,False
1141,300,False
1141,300,False
291,301,False
291,301,False
737,301,False
737,301,False
816,301,False
816,301,False
1009,301,False
1009,301,False
319,304,False
319,304,False
445,305,False
445,305,False
709,305,False
709,305,False
1009,305,False
1009,305,False
1113,305,False
1113,305,False
466,306,False
466,306,False
751,306,False
751,306,False
885,306,False
885,306,False
887,309,False
887,309,False
843,312,False
843,312,False
879,312,False
879,312,False
1436,312,False
1436,312,False
1482,312,False
1482,312,False
968,313,False
968,313,False
1119,313,False
1119,313,False
1144,313,False
1144,313,False
248,314,False
248,314,False
818,314,False
818,314,False
973,315,False
973,315,False
1273,316,False
1273,316,False
1278,316,False
1278,316,False
278,317,False
278,317,False
868,317,False
868,317,False
1476,317,False
1476,317,False
606,318,False
606,318,False
1453,319,False
1453,319,False
357,320,False
357,320,False
1053,320,False
1053,320,False
278,321,False
278,321,False
527,321,False
527,321,False
237,322,False
237,322,False
268,322,False
268,322,False
718,323,False
718,323,False
785,323,False
785,323,False
1358,323,False
1358,323,False
486,324,False
486,324,False
505,325,False
505,325,False
1495,325,False
1495,325,False
1520,326,False
1520,326,False
1083,327,False
1083,327,False
1327,327,False
1327,327,False
1511,328,False
1511,328,False
231,330,False
231,330,False
626,330,False
626,330,False
1187,330,False
1187,330,False
1027,331,False
1027,331,False
1226,332,False
1226,332,False
638,334,False
638,334,False
804,334,False
804,334,False
1414,334,False
1414,334,False
1304,335,False
1304,335,False
1342,335,False
1342,335,False
468,336,False
468,336,False
611,336,False
611,336,False
244,337,False
244,337,False
316,337,False
316,337,False
777,337,False
777,337,False
896,337,False
896,337,False
905,337,False
905,337,False
1314,337,False
1314,337,False
1259,338,False
1259,338,False
503,339,False
503,339,False
1495,339,False
1495,339,False
508,340,False
508,340,False
865,340,False
865,340,False
953,340,False
953,340,False
582,341,False
582,341,False
617,341,False
617,341,False
1081,341,False
1081,341,False
1209,342,False
1209,342,False
1344,342,False
1344,342,False
1019,344,False
1019,344,False
279,345,False
279,345,False
1066,345,False
1066,345,False
1303,345,False
1303,345,False
269,346,False
269,346,False
641,346,False
641,346,False
632,348,False
632,348,False
1322,348,False
1322,348,False
564,350,False
564,350,False
1512,350,False
1512,350,False
115,351,False
115,351,False
708,351,False
708,351,False
1191,351,False
1191,351,False
319,353,False
319,353,False
677,354,False
677,354,False
1025,354,False
1025,354,False
492,355,False
492,355,False
1315,356,False
1315,356,False
742,357,False
742,357,False
543,358,False
543,358,False
1240,358,False
1240,358,False
520,359,False
520,359,False
703,359,False
703,359,False
121,360,False
121,360,False
1397,360,False
1397,360,False
1303,361,False
1303,361,False
797,362,False
797,362,False
1026,362,False
1026,362,False
850,364,False
850,364,False
726,366,False
726,366,False
831,366,False
831,366,False
874,366,False
874,366,False
1245,367,False
1245,367,False
689,368,False
689,368,False
1147,368,False
1147,368,False
375,369,False
375,369,False
543,370,False
543,370,False
699,370,False
699,370,False
770,370,False
770,370,False
1022,370,False
1022,370,False
1322,370,False
1322,370,False
863,371,False
863,371,False
1136,372,False
1136,372,False
621,373,False
621,373,False
800,373,False
800,373,False
498,374,False
498,374,False
686,375,False
686,375,False
1268,377,False
1268,377,False
420,378,False
420,378,False
1143,378,False
1143,378,False
1481,378,False
1481,378,False
169,379,False
169,379,False
493,379,False
493,379,False
860,380,False
860,380,False
56,382,False
56,382,False
334,382,False
334,382,False
736,383,False
736,383,False
1416,383,False
1416,383,False
913,384,False
913,384,False
820,385,False
820,385,False
911,385,False
911,385,False
944,385,False
944,385,False
11,386,False
11,386,False
417,386,False
417,386,False
1056,386,False
1056,386,False
292,387,False
292,387,False
1170,387,False
1170,387,False
1248,387,False
1248,387,False
200,388,False
200,388,False
505,388,False
505,388,False
535,389,False
535,389,False
644,389,False
644,389,False
686,390,False
686,390,False
1018,390,False
1018,390,False
755,391,False
755,391,False
772,391,False
772,391,False
874,391,False
874,391,False
292,392,False
292,392,False
624,392,False
624,392,False
1037,392,False
1037,392,False
740,394,False
740,394,False
1175,395,False
1175,395,False
704,396,False
704,396,False
1006,396,False
1006,396,False
1116,396,False
1116,396,False
321,397,False
321,397,False
434,398,False
434,398,False
867,398,False
867,398,False
167,399,False
167,399,False
562,399,False
562,399,False
216,400,False
216,400,False
433,400,False
433,400,False
477,400,False
477,400,False
677,400,False
677,400,False
87,401,False
87,401,False
1168,401,False
1168,401,False
1335,401,False
1335,401,False
754,402,False
754,402,False
1344,402,False
1344,402,False
407,403,False
407,403,False
671,403,False
671,403,False
687,403,False
687,403,False
711,403,False
711,403,False
120,404,False
120,404,False
193,404,False
193,404,False
899,404,False
899,404,False
505,405,False
505,405,False
764,405,False
764,405,False
140,407,False
140,407,False
1204,407,False
1204,407,False
25,409,False
25,409,False
425,409,False
425,409,False
740,409,False
740,409,False
571,410,False
571,410,False
1093,411,False
1093,411,False
444,412,False
444,412,False
460,412,False
460,412,False
91,413,False
91,413,False
750,413,False
750,413,False
756,413,False
756,413,False
14,414,False
14,414,False
1290,414,False
1290,414,False
362,415,False
362,415,False
483,415,False
483,415,False
487,415,False
487,415,False
1486,415,False
1486,415,False
750,416,False
750,416,False
921,416,False
921,416,False
1237,416,False
1237,416,False
21,417,False
21,417,False
553,417,False
553,417,False
9,418,False
9,418,False
452,418,False
452,418,False
66,419,False
66,419,False
25,420,False
25,420,False
290,420,False
290,420,False
360,420,False
360,420,False
386,420,False
386,420,False
579,420,False
579,420,False
650,420,False
650,420,False
1406,420,False
1406,420,False
218,421,False
218,421,False
458,421,False
458,421,False
352,422,False
352,422,False
410,422,False
410,422,False
273,423,False
273,423,False
375,423,False
375,423,False
1283,423,False
1283,423,False
589,425,False
589,425,False
756,425,False
756,425,False
1294,425,False
1294,425,False
760,426,False
760,426,False
1278,426,False
1278,426,False
1464,426,False
1464,426,False
217,427,False
217,427,False
738,427,False
738,427,False
384,428,False
384,428,False
546,429,False
546,429,False
549,429,False
549,429,False
1332,429,False
1332,429,False
686,430,False
686,430,False
699,430,False
699,430,False
1006,430,False
1006,430,False
455,431,False
455,431,False
556,431,False
556,431,False
669,431,False
669,431,False
1002,431,False
1002,431,False
110,432,False
110,432,False
206,432,False
206,432,False
219,432,False
219,432,False
89,434,False
89,434,False
193,434,False
193,434,False
295,434,False
295,434,False
395,434,False
395,434,False
458,434,False
458,434,False
749,434,False
749,434,False
484,435,False
484,435,False
1012,435,False
1012,435,False
73,436,False
73,436,False
608,436,False
608,436,False
940,436,False
940,436,False
1023,436,False
1023,436,False
1129,436,False
1129,436,False
1097,437,False
1097,437,False
1380,437,False
1380,437,False
357,439,False
357,439,False
1343,439,False
1343,439,False
1448,439,False
1448,439,False
93,440,False
93,440,False
239,440,False
239,440,False
511,441,False
511,441,False
585,441,False
585,441,False
939,441,False
939,441,False
1084,441,False
1084,441,False
1099,441,False
1099,441,False
1065,443,False
1065,443,False
755,444,False
755,444,False
784,444,False
784,444,False
1102,444,False
1102,444,False
28,445,False
28,445,False
1346,445,False
1346,445,False
368,446,False
368,446,False
1023,446,False
1023,446,False
1026,446,False
1026,446,False
110,447,False
110,447,False
361,447,False
361,447,False
1337,447,False
1337,447,False
1386,447,False
1386,447,False
582,449,False
582,449,False
1110,449,False
1110,449,False
1412,449,False
1412,449,False
390,450,False
390,450,False
1100,450,False
1100,450,False
369,451,False
369,451,False
541,451,False
541,451,False
727,451,False
727,451,False
9,452,False
9,452,False
171,452,False
171,452,False
938,452,False
938,452,False
1095,452,False
1095,452,False
1178,452,False
1178,452,False
1300,452,False
1300,452,False
285,453,False
285,453,False
724,453,False
724,453,False
858,453,False
858,453,False
552,454,False
552,454,False
604,454,False
604,454,False
272,455,False
272,455,False
517,455,False
517,455,False
1090,455,False
1090,455,False
231,456,False
231,456,False
485,456,False
485,456,False
740,456,False
740,456,False
781,456,False
781,456,False
1335,456,False
1335,456,False
50,459,False
50,459,False
124,459,False
124,459,False
448,459,False
448,459,False
714,459,False
714,459,False
1387,459,False
1387,459,False
1102,460,False
1102,460,False
360,461,False
360,461,False
328,462,False
328,462,False
516,462,False
516,462,False
634,462,False
634,462,False
1095,462,False
1095,462,False
1113,462,False
1113,462,False
1370,462,False
1370,462,False
74,463,False
74,463,False
82,463,False
82,463,False
251,463,False
251,463,False
913,463,False
913,463,False
1248,463,False
1248,463,False
1336,463,False
1336,463,False
359,464,False
359,464,False
1386,464,False
1386,464,False
514,465,False
514,465,False
1231,465,False
1231,465,False
1252,465,False
1252,465,False
1410,465,False
1410,465,False
403,466,False
403,466,False
1116,466,False
1116,466,False
214,467,False
214,467,False
279,467,False
279,467,False
738,467,False
738,467,False
1239,467,False
1239,467,False
482,468,False
482,468,False
753,468,False
753,468,False
939,468,False
939,468,False
140,469,False
140,469,False
865,469,False
865,469,False
204,470,False
204,470,False
342,470,False
342,470,False
519,470,False
519,470,False
1091,470,False
1091,470,False
284,471,False
284,471,False
741,471,False
741,471,False
1032,471,False
1032,471,False
1411,471,False
1411,471,False
668,472,False
668,472,False
930,472,False
930,472,False
240,473,False
240,473,False
515,473,False
515,473,False
900,473,False
900,473,False
446,474,False
446,474,False
727,474,False
727,474,False
863,475,False
863,475,False
1112,476,False
1112,476,False
742,477,False
742,477,False
974,477,False
974,477,False
555,478,False
555,478,False
1247,478,False
1247,478,False
214,479,False
214,479,False
370,479,False
370,479,False
447,479,False
447,479,False
639,479,False
639,479,False
708,479,False
708,479,False
1121,479,False
1121,479,False
1292,479,False
1292,479,False
76,480,False
76,480,False
248,480,False
248,480,False
281,480,False
281,480,False
908,480,False
908,480,False
245,481,False
245,481,False
599,481,False
599,481,False
665,481,False
665,481,False
81,482,False
81,482,False
156,482,False
156,482,False
515,482,False
515,482,False
740,482,False
740,482,False
1070,482,False
1070,482,False
1411,482,False
1411,482,False
1506,482,False
1506,482,False
1193,483,False
1193,483,False
1369,483,False
1369,483,False
379,484,False
379,484,False
486,484,False
486,484,False
496,484,False
496,484,False
520,484,False
520,484,False
1450,484,False
1450,484,False
48,485,False
48,485,False
232,485,False
232,485,False
447,485,False
447,485,False
640,485,False
640,485,False
725,485,False
725,485,False
1281,485,False
1281,485,False
104,486,False
104,486,False
140,486,False
140,486,False
173,486,False
173,486,False
720,486,False
720,486,False
1245,486,False
1245,486,False
1253,486,False
1253,486,False
1144,487,False
1144,487,False
941,488,False
941,488,False
284,489,False
284,489,False
472,489,False
472,489,False
597,489,False
597,489,False
641,489,False
641,489,False
1409,489,False
1409,489,False
55,490,False
55,490,False
554,490,False
554,490,False
957,490,False
957,490,False
571,491,False
571,491,False
951,491,False
951,491,False
1114,491,False
1114,491,False
1188,491,False
1188,491,False
1449,491,False
1449,491,False
1522,491,False
1522,491,False
42,492,False
42,492,False
380,492,False
380,492,False
434,492,False
434,492,False
727,492,False
727,492,False
523,494,False
523,494,False
1127,494,False
1127,494,False
476,495,False
476,495,False
702,495,False
702,495,False
860,495,False
860,495,False
576,496,False
576,496,False
749,496,False
749,496,False
851,496,False
851,496,False
1479,496,False
1479,496,False
100,497,False
100,497,False
555,497,False
555,497,False
835,497,False
835,497,False
947,497,False
947,497,False
1196,497,False
1196,497,False
193,498,False
193,498,False
435,498,False
435,498,False
468,498,False
468,498,False
641,498,False
641,498,False
458,499,False
458,499,False
1159,499,False
1159,499,False
1253,499,False
1253,499,False
26,500,False
26,500,False
431,500,False
431,500,False
772,500,False
772,500,False
1068,500,False
1068,500,False
1189,500,False
1189,500,False
1413,500,False
1413,500,False
187,501,False
187,501,False
555,501,False
555,501,False
746,501,False
746,501,False
968,501,False
968,501,False
1063,501,False
1063,501,False
1132,501,False
1132,501,False
1145,501,False
1145,501,False
89,502,False
89,502,False
576,502,False
576,502,False
645,502,False
645,502,False
520,503,False
520,503,False
778,503,False
778,503,False
849,503,False
849,503,False
1249,503,False
1249,503,False
77,504,False
77,504,False
1241,504,False
1241,504,False
135,505,False
135,505,False
1018,505,False
1018,505,False
1348,505,False
1348,505,False
230,506,False
230,506,False
831,506,False
831,506,False
431,507,False
431,507,False
518,507,False
518,507,False
842,507,False
842,507,False
1114,507,False
1114,507,False
1500,507,False
1500,507,False
122,508,False
122,508,False
640,508,False
640,508,False
848,508,False
848,508,False
943,508,False
943,508,False
970,508,False
970,508,False
370,509,False
370,509,False
667,509,False
667,509,False
989,509,False
989,509,False
1143,509,False
1143,509,False
1252,509,False
1252,509,False
26,510,False
26,510,False
382,510,False
382,510,False
1240,510,False
1240,510,False
1280,510,False
1280,510,False
1364,510,False
1364,510,False
451,511,False
451,511,False
761,511,False
761,511,False
1114,511,False
1114,511,False
460,512,False
460,512,False
1130,512,False
1130,512,False
1144,512,False
1144,512,False
1494,512,False
1494,512,False
27,513,False
27,513,False
696,513,False
696,513,False
780,513,False
780,513,False
812,513,False
812,513,False
326,514,False
326,514,False
387,514,False
387,514,False
731,514,False
731,514,False
1105,514,False
1105,514,False
1159,514,False
1159,514,False
1370,514,False
1370,514,False
1439,514,False
1439,514,False
1472,514,False
1472,514,False
52,515,False
52,515,False
514,515,False
514,515,False
752,515,False
752,515,False
1478,515,False
1478,515,False
79,516,False
79,516,False
14,517,False
14,517,False
524,517,False
524,517,False
806,517,False
806,517,False
727,518,False
727,518,False
1325,518,False
1325,518,False
1359,518,False
1359,518,False
1438,518,False
1438,518,False
589,519,False
589,519,False
860,519,False
860,519,False
1316,519,False
1316,519,False
36,520,False
36,520,False
1513,520,False
1513,520,False
362,521,False
362,521,False
1359,522,False
1359,522,False
268,523,False
268,523,False
1290,523,False
1290,523,False
26,524,False
26,524,False
1299,524,False
1299,524,False
1441,524,False
1441,524,False
361,525,False
361,525,False
810,525,False
810,525,False
1167,525,False
1167,525,False
1201,525,False
1201,525,False
79,526,False
79,526,False
257,526,False
257,526,False
693,526,False
693,526,False
871,526,False
871,526,False
862,527,False
862,527,False
343,528,False
343,528,False
1097,528,False
1097,528,False
1158,528,False
1158,528,False
1167,528,False
1167,528,False
1272,528,False
1272,528,False
1500,528,False
1500,528,False
717,529,False
717,529,False
856,529,False
856,529,False
941,529,False
941,529,False
1186,529,False
1186,529,False
290,530,False
290,530,False
534,530,False
534,530,False
266,531,False
266,531,False
426,532,False
426,532,False
542,532,False
542,532,False
694,532,False
694,532,False
710,532,False
710,532,False
771,533,False
771,533,False
1341,533,False
1341,533,False
240,534,False
240,534,False
456,534,False
456,534,False
1290,534,False
1290,534,False
1362,534,False
1362,534,False
1369,534,False
1369,534,False
10,535,False
10,535,False
1200,535,False
1200,535,False
86,536,False
86,536,False
367,536,False
367,536,False
258,537,False
258,537,False
506,537,False
506,537,False
841,537,False
841,537,False
1090,537,False
1090,537,False
1167,537,False
1167,537,False
711,538,False
711,538,False
1108,538,False
1108,538,False
879,540,False
879,540,False
377,541,False
377,541,False
921,541,False
921,541,False
222,542,False
222,542,False
586,542,False
586,542,False
1247,542,False
1247,542,False
1203,543,False
1203,543,False
81,544,False
81,544,False
573,544,False
573,544,False
840,544,False
840,544,False
1051,544,False
1051,544,False
1132,545,False
1132,545,False
50,546,False
50,546,False
607,546,False
607,546,False
778,546,False
778,546,False
1074,546,False
1074,546,False
575,548,False
575,548,False
929,548,False
929,548,False
1041,548,False
1041,548,False
1134,548,False
1134,548,False
104,549,False
104,549,False
125,549,False
125,549,False
537,549,False
537,549,False
570,549,False
570,549,False
633,549,False
633,549,False
907,549,False
907,549,False
1093,549,False
1093,549,False
549,550,False
549,550,False
618,550,False
618,550,False
1053,550,False
1053,550,False
1060,550,False
1060,550,False
1215,550,False
1215,550,False
946,551,False
946,551,False
982,551,False
982,551,False
1111,551,False
1111,551,False
332,552,False
332,552,False
964,552,False
964,552,False
1240,552,False
1240,552,False
1243,552,False
1243,552,False
1021,553,False
1021,553,False
906,555,False
906,555,False
644,556,False
644,556,False
827,556,False
827,556,False
866,556,False
866,556,False
1472,556,False
1472,556,False
578,557,False
578,557,False
1130,558,False
1130,558,False
553,559,False
553,559,False
1004,559,False
1004,559,False
1354,560,False
1354,560,False
254,561,False
254,561,False
680,561,False
680,561,False
795,561,False
795,561,False
1170,561,False
1170,561,False
978,562,False
978,562,False
1070,562,False
1070,562,False
1261,562,False
1261,562,False
704,563,False
704,563,False
1192,563,False
1192,563,False
1226,563,False
1226,563,False
39,564,False
39,564,False
823,564,False
823,564,False
895,564,False
895,564,False
1032,565,False
1032,565,False
1396,565,False
1396,565,False
236,566,False
236,566,False
1196,566,False
1196,566,False
1327,567,False
1327,567,False
274,568,False
274,568,False
844,568,False
844,568,False
1199,568,False
1199,568,False
1232,568,False
1232,568,False
1493,568,False
1493,568,False
1497,568,False
1497,568,False
185,569,False
185,569,False
434,569,False
434,569,False
107,570,False
107,570,False
309,570,False
309,570,False
466,570,False
466,570,False
1505,571,False
1505,571,False
192,572,False
192,572,False
1419,572,False
1419,572,False
1482,572,False
1482,572,False
1434,573,False
1434,573,False
52,574,False
52,574,False
74,574,False
74,574,False
235,575,False
235,575,False
347,575,False
347,575,False
481,575,False
481,575,False
779,575,False
779,575,False
447,576,False
447,576,False
781,576,False
781,576,False
785,576,False
785,576,False
1372,576,False
1372,576,False
61,577,False
61,577,False
93,577,False
93,577,False
818,577,False
818,577,False
830,577,False
830,577,False
927,577,False
927,577,False
968,577,False
968,577,False
1206,577,False
1206,577,False
1401,577,False
1401,577,False
102,578,False
102,578,False
262,578,False
262,578,False
681,578,False
681,578,False
1190,578,False
1190,578,False
51,579,False
51,579,False
864,579,False
864,579,False
935,579,False
935,579,False
405,580,False
405,580,False
876,580,False
876,580,False
903,580,False
903,580,False
236,581,False
236,581,False
307,581,False
307,581,False
410,581,False
410,581,False
429,581,False
429,581,False
436,581,False
436,581,False
504,581,False
504,581,False
1319,581,False
1319,581,False
1456,581,False
1456,581,False
423,582,False
423,582,False
637,582,False
637,582,False
1470,582,False
1470,582,False
650,583,False
650,583,False
969,583,False
969,583,False
62,584,False
62,584,False
406,585,False
406,585,False
410,585,False
410,585,False
499,585,False
499,585,False
568,585,False
568,585,False
134,586,False
134,586,False
888,587,False
888,587,False
1061,587,False
1061,587,False
1298,587,False
1298,587,False
52,588,False
52,588,False
545,588,False
545,588,False
1005,588,False
1005,588,False
1167,588,False
1167,588,False
1408,588,False
1408,588,False
302,589,False
302,589,False
309,589,False
309,589,False
555,589,False
555,589,False
649,589,False
649,589,False
757,589,False
757,589,False
789,589,False
789,589,False
1060,589,False
1060,589,False
505,590,False
505,590,False
704,590,False
704,590,False
711,590,False
711,590,False
981,590,False
981,590,False
412,591,False
412,591,False
423,591,False
423,591,False
436,591,False
436,591,False
493,591,False
493,591,False
202,592,False
202,592,False
427,592,False
427,592,False
688,592,False
688,592,False
814,592,False
814,592,False
382,593,False
382,593,False
391,593,False
391,593,False
740,593,False
740,593,False
636,594,False
636,594,False
746,594,False
746,594,False
346,595,False
346,595,False
704,595,False
704,595,False
880,595,False
880,595,False
991,595,False
991,595,False
170,596,False
170,596,False
290,596,False
290,596,False
1225,596,False
1225,596,False
1297,596,False
1297,596,False
56,597,False
56,597,False
532,597,False
532,597,False
542,597,False
542,597,False
715,597,False
715,597,False
949,597,False
949,597,False
389,598,False
389,598,False
393,598,False
393,598,False
700,598,False
700,598,False
785,598,False
785,598,False
127,599,False
127,599,False
149,599,False
149,599,False
174,599,False
174,599,False
197,599,False
197,599,False
335,599,False
335,599,False
364,599,False
364,599,False
414,599,False
414,599,False
424,599,False
424,599,False
614,599,False
614,599,False
634,599,False
634,599,False
665,599,False
665,599,False
97,600,False
97,600,False
313,600,False
313,600,False
433,600,False
433,600,False
572,600,False
572,600,False
235,601,False
235,601,False
375,601,False
375,601,False
514,601,False
514,601,False
1002,601,False
1002,601,False
363,602,False
363,602,False
416,602,False
416,602,False
500,602,False
500,602,False
637,602,False
637,602,False
790,602,False
790,602,False
14,603,False
14,603,False
45,603,False
45,603,False
336,603,False
336,603,False
345,603,False
345,603,False
806,603,False
806,603,False
960,603,False
960,603,False
1006,603,False
1006,603,False
547,604,False
547,604,False
345,605,False
345,605,False
404,605,False
404,605,False
535,605,False
535,605,False
576,605,False
576,605,False
1014,605,False
1014,605,False
394,606,False
394,606,False
430,606,False
430,606,False
522,606,False
522,606,False
541,606,False
541,606,False
570,606,False
570,606,False
123,607,False
123,607,False
173,607,False
173,607,False
281,607,False
281,607,False
657,607,False
657,607,False
57,608,False
57,608,False
293,608,False
293,608,False
545,608,False
545,608,False
625,608,False
625,608,False
903,608,False
903,608,False
1002,608,False
1002,608,False
305,609,False
305,609,False
309,609,False
309,609,False
524,609,False
524,609,False
667,610,False
667,610,False
781,610,False
781,610,False
1014,610,False
1014,610,False
16,611,False
16,611,False
46,611,False
46,611,False
349,611,False
349,611,False
357,611,False
357,611,False
418,611,False
418,611,False
442,611,False
442,611,False
495,611,False
495,611,False
527,611,False
527,611,False
731,611,False
731,611,False
979,611,False
979,611,False
23,613,False
23,613,False
101,613,False
101,613,False
310,613,False
310,613,False
393,613,False
393,613,False
429,613,False
429,613,False
552,613,False
552,613,False
303,614,False
303,614,False
542,614,False
542,614,False
615,614,False
615,614,False
644,614,False
644,614,False
199,615,False
199,615,False
219,615,False
219,615,False
294,615,False
294,615,False
526,615,False
526,615,False
538,615,False
538,615,False
45,616,False
45,616,False
55,616,False
55,616,False
338,616,False
338,616,False
503,616,False
503,616,False
173,617,False
173,617,False
187,617,False
187,617,False
628,617,False
628,617,False
655,617,False
655,617,False
360,618,False
360,618,False
591,618,False
591,618,False
673,618,False
673,618,False
706,618,False
706,618,False
1011,618,False
1011,618,False
162,619,False
162,619,False
352,619,False
352,619,False
624,619,False
624,619,False
124,620,False
124,620,False
235,620,False
235,620,False
373,620,False
373,620,False
417,620,False
417,620,False
469,620,False
469,620,False
548,620,False
548,620,False
684,620,False
684,620,False
695,620,False
695,620,False
731,620,False
731,620,False
10,621,False
10,621,False
100,621,False
100,621,False
360,621,False
360,621,False
423,621,False
423,621,False
429,621,False
429,621,False
56,622,False
56,622,False
199,622,False
199,622,False
339,622,False
339,622,False
345,622,False
345,622,False
606,622,False
606,622,False
1317,622,False
1317,622,False
186,623,False
186,623,False
307,623,False
307,623,False
363,623,False
363,623,False
583,623,False
583,623,False
141,624,False
141,624,False
393,624,False
393,624,False
139,625,False
139,625,False
153,625,False
153,625,False
170,625,False
170,625,False
285,625,False
285,625,False
640,625,False
640,625,False
375,626,False
375,626,False
516,626,False
516,626,False
551,626,False
551,626,False
799,626,False
799,626,False
1147,626,False
1147,626,False
1151,626,False
1151,626,False
1308,626,False
1308,626,False
1455,626,False
1455,626,False
103,627,False
103,627,False
122,627,False
122,627,False
346,627,False
346,627,False
503,627,False
503,627,False
650,627,False
650,627,False
1154,627,False
1154,627,False
388,628,False
388,628,False
459,628,False
459,628,False
707,628,False
707,628,False
916,628,False
916,628,False
83,629,False
83,629,False
478,629,False
478,629,False
525,629,False
525,629,False
668,629,False
668,629,False
1141,629,False
1141,629,False
171,630,False
171,630,False
332,630,False
332,630,False
420,630,False
420,630,False
1232,630,False
1232,630,False
1300,630,False
1300,630,False
25,631,False
25,631,False
201,631,False
201,631,False
237,631,False
237,631,False
553,631,False
553,631,False
1322,631,False
1322,631,False
1445,631,False
1445,631,False
132,632,False
132,632,False
332,632,False
332,632,False
391,632,False
391,632,False
523,632,False
523,632,False
779,632,False
779,632,False
1136,632,False
1136,632,False
1413,632,False
1413,632,False
1423,632,False
1423,632,False
1437,632,False
1437,632,False
351,633,False
351,633,False
1402,633,False
1402,633,False
1460,633,False
1460,633,False
1483,633,False
1483,633,False
203,634,False
203,634,False
640,634,False
640,634,False
23,635,False
23,635,False
122,635,False
122,635,False
206,635,False
206,635,False
423,635,False
423,635,False
788,635,False
788,635,False
816,635,False
816,635,False
98,636,False
98,636,False
163,636,False
163,636,False
214,636,False
214,636,False
297,636,False
297,636,False
332,636,False
332,636,False
341,636,False
341,636,False
417,636,False
417,636,False
666,636,False
666,636,False
678,636,False
678,636,False
1134,636,False
1134,636,False
48,637,False
48,637,False
60,637,False
60,637,False
622,637,False
622,637,False
1206,637,False
1206,637,False
74,638,False
74,638,False
130,638,False
130,638,False
191,638,False
191,638,False
306,638,False
306,638,False
537,638,False
537,638,False
1186,638,False
1186,638,False
1234,638,False
1234,638,False
1298,638,False
1298,638,False
119,639,False
119,639,False
185,639,False
185,639,False
282,639,False
282,639,False
369,639,False
369,639,False
474,639,False
474,639,False
532,639,False
532,639,False
842,639,False
842,639,False
1172,639,False
1172,639,False
1211,639,False
1211,639,False
1228,639,False
1228,639,False
1453,639,False
1453,639,False
392,640,False
392,640,False
461,640,False
461,640,False
733,640,False
733,640,False
839,640,False
839,640,False
24,641,False
24,641,False
350,641,False
350,641,False
429,641,False
429,641,False
668,641,False
668,641,False
1049,641,False
1049,641,False
105,642,False
105,642,False
240,642,False
240,642,False
267,642,False
267,642,False
423,642,False
423,642,False
626,642,False
626,642,False
652,642,False
652,642,False
1211,642,False
1211,642,False
1295,642,False
1295,642,False
1342,643,False
1342,643,False
17,644,False
17,644,False
89,644,False
89,644,False
258,644,False
258,644,False
470,644,False
470,644,False
809,644,False
809,644,False
1268,644,False
1268,644,False
59,645,False
59,645,False
204,645,False
204,645,False
634,645,False
634,645,False
653,645,False
653,645,False
351,646,False
351,646,False
535,646,False
535,646,False
584,646,False
584,646,False
694,646,False
694,646,False
789,646,False
789,646,False
188,647,False
188,647,False
433,647,False
433,647,False
548,647,False
548,647,False
607,647,False
607,647,False
779,647,False
779,647,False
855,647,False
855,647,False
1152,647,False
1152,647,False
1178,647,False
1178,647,False
1427,647,False
1427,647,False
1443,647,False
1443,647,False
97,648,False
97,648,False
234,648,False
234,648,False
304,648,False
304,648,False
470,648,False
470,648,False
19,649,False
19,649,False
377,649,False
377,649,False
391,649,False
391,649,False
644,649,False
644,649,False
786,649,False
786,649,False
171,650,False
171,650,False
294,650,False
294,650,False
659,650,False
659,650,False
678,650,False
678,650,False
761,650,False
761,650,False
874,650,False
874,650,False
188,651,False
188,651,False
1205,651,False
1205,651,False
92,652,False
92,652,False
423,652,False
423,652,False
646,652,False
646,652,False
818,652,False
818,652,False
885,652,False
885,652,False
1057,652,False
1057,652,False
1274,652,False
1274,652,False
10,653,False
10,653,False
726,653,False
726,653,False
762,653,False
762,653,False
845,653,False
845,653,False
64,654,False
64,654,False
101,654,False
101,654,False
459,654,False
459,654,False
538,654,False
538,654,False
643,654,False
643,654,False
738,654,False
738,654,False
778,654,False
778,654,False
936,654,False
936,654,False
1120,654,False
1120,654,False
1289,654,False
1289,654,False
1447,654,False
1447,654,False
307,655,False
307,655,False
380,655,False
380,655,False
428,655,False
428,655,False
596,655,False
596,655,False
662,655,False
662,655,False
692,655,False
692,655,False
799,655,False
799,655,False
877,655,False
877,655,False
28,656,False
28,656,False
424,656,False
424,656,False
580,656,False
580,656,False
717,656,False
717,656,False
832,656,False
832,656,False
996,656,False
996,656,False
1452,656,False
1452,656,False
264,657,False
264,657,False
350,657,False
350,657,False
471,657,False
471,657,False
811,657,False
811,657,False
820,657,False
820,657,False
1094,657,False
1094,657,False
1343,657,False
1343,657,False
202,658,False
202,658,False
389,658,False
389,658,False
412,658,False
412,658,False
434,658,False
434,658,False
626,658,False
626,658,False
804,658,False
804,658,False
1015,658,False
1015,658,False
1321,658,False
1321,658,False
1473,658,False
1473,658,False
751,659,False
751,659,False
778,659,False
778,659,False
863,659,False
863,659,False
877,659,False
877,659,False
10,660,False
10,660,False
51,660,False
51,660,False
112,660,False
112,660,False
447,660,False
447,660,False
530,660,False
530,660,False
630,660,False
630,660,False
646,660,False
646,660,False
691,660,False
691,660,False
758,660,False
758,660,False
983,660,False
983,660,False
276,661,False
276,661,False
288,661,False
288,661,False
582,661,False
582,661,False
725,661,False
725,661,False
1417,661,False
1417,661,False
548,662,False
548,662,False
661,662,False
661,662,False
743,662,False
743,662,False
791,662,False
791,662,False
1104,662,False
1104,662,False
349,663,False
349,663,False
379,663,False
379,663,False
419,663,False
419,663,False
450,663,False
450,663,False
462,663,False
462,663,False
604,663,False
604,663,False
98,664,False
98,664,False
539,664,False
539,664,False
821,664,False
821,664,False
843,664,False
843,664,False
1284,664,False
1284,664,False
13,665,False
13,665,False
37,665,False
37,665,False
125,665,False
125,665,False
135,665,False
135,665,False
203,665,False
203,665,False
224,665,False
224,665,False
427,665,False
427,665,False
495,665,False
495,665,False
582,665,False
582,665,False
613,665,False
613,665,False
644,665,False
644,665,False
709,665,False
709,665,False
743,665,False
743,665,False
791,665,False
791,665,False
808,665,False
808,665,False
915,665,False
915,665,False
1101,665,False
1101,665,False
1206,665,False
1206,665,False
1375,665,False
1375,665,False
1503,665,False
1503,665,False
60,666,False
60,666,False
345,666,False
345,666,False
384,666,False
384,666,False
433,666,False
433,666,False
635,666,False
635,666,False
858,666,False
858,666,False
892,666,False
892,666,False
1139,666,False
1139,666,False
1472,666,False
1472,666,False
27,667,False
27,667,False
469,667,False
469,667,False
589,667,False
589,667,False
777,667,False
777,667,False
846,667,False
846,667,False
1001,667,False
1001,667,False
1011,667,False
1011,667,False
1159,667,False
1159,667,False
1501,667,False
1501,667,False
665,668,False
665,668,False
721,668,False
721,668,False
759,668,False
759,668,False
808,668,False
808,668,False
1358,668,False
1358,668,False
12,669,False
12,669,False
48,669,False
48,669,False
76,669,False
76,669,False
234,669,False
234,669,False
682,669,False
682,669,False
789,669,False
789,669,False
1265,669,False
1265,669,False
1273,669,False
1273,669,False
254,670,False
254,670,False
547,670,False
547,670,False
645,670,False
645,670,False
818,670,False
818,670,False
982,670,False
982,670,False
1051,670,False
1051,670,False
1064,670,False
1064,670,False
1319,670,False
1319,670,False
1421,670,False
1421,670,False
59,671,False
59,671,False
107,671,False
107,671,False
389,671,False
389,671,False
700,671,False
700,671,False
764,671,False
764,671,False
845,671,False
845,671,False
854,671,False
854,671,False
1428,671,False
1428,671,False
148,672,False
148,672,False
194,672,False
194,672,False
539,672,False
539,672,False
610,672,False
610,672,False
684,672,False
684,672,False
721,672,False
721,672,False
776,672,False
776,672,False
904,672,False
904,672,False
67,673,False
67,673,False
674,673,False
674,673,False
817,673,False
817,673,False
1146,673,False
1146,673,False
1231,673,False
1231,673,False
1312,673,False
1312,673,False
105,674,False
105,674,False
220,674,False
220,674,False
271,674,False
271,674,False
283,674,False
283,674,False
319,674,False
319,674,False
465,674,False
465,674,False
765,674,False
765,674,False
839,674,False
839,674,False
856,674,False
856,674,False
1028,674,False
1028,674,False
1229,674,False
1229,674,False
46,675,False
46,675,False
1053,675,False
1053,675,False
1250,675,False
1250,675,False
9,676,False
9,676,False
59,676,False
59,676,False
472,676,False
472,676,False
645,676,False
645,676,False
685,676,False
685,676,False
792,676,False
792,676,False
992,676,False
992,676,False
1139,676,False
1139,676,False
1162,676,False
1162,676,False
1172,676,False
1172,676,False
1393,676,False
1393,676,False
63,677,False
63,677,False
82,677,False
82,677,False
188,677,False
188,677,False
213,677,False
213,677,False
327,677,False
327,677,False
546,677,False
546,677,False
582,677,False
582,677,False
806,677,False
806,677,False
1063,677,False
1063,677,False
1075,677,False
1075,677,False
1296,677,False
1296,677,False
177,678,False
177,678,False
358,678,False
358,678,False
381,678,False
381,678,False
840,678,False
840,678,False
101,679,False
101,679,False
184,679,False
184,679,False
417,679,False
417,679,False
429,679,False
429,679,False
776,679,False
776,679,False
1115,679,False
1115,679,False
1489,679,False
1489,679,False
27,680,False
27,680,False
76,680,False
76,680,False
348,680,False
348,680,False
460,680,False
460,680,False
602,680,False
602,680,False
758,680,False
758,680,False
853,680,False
853,680,False
876,680,False
876,680,False
1380,680,False
1380,680,False
93,681,False
93,681,False
493,681,False
493,681,False
537,681,False
537,681,False
581,681,False
581,681,False
844,681,False
844,681,False
1102,681,False
1102,681,False
10,682,False
10,682,False
389,682,False
389,682,False
826,682,False
826,682,False
1361,682,False
1361,682,False
99,683,False
99,683,False
459,683,False
459,683,False
645,683,False
645,683,False
710,683,False
710,683,False
817,683,False
817,683,False
909,683,False
909,683,False
925,683,False
925,683,False
1317,683,False
1317,683,False
1374,683,False
1374,683,False
1385,683,False
1385,683,False
756,684,False
756,684,False
994,684,False
994,684,False
1008,684,False
1008,684,False
1027,684,False
1027,684,False
1163,684,False
1163,684,False
1181,684,False
1181,684,False
1394,684,False
1394,684,False
1511,684,False
1511,684,False
166,685,False
166,685,False
173,685,False
173,685,False
347,685,False
347,685,False
470,685,False
470,685,False
604,685,False
604,685,False
676,685,False
676,685,False
730,685,False
730,685,False
185,686,False
185,686,False
237,686,False
237,686,False
490,686,False
490,686,False
879,686,False
879,686,False
974,686,False
974,686,False
1050,686,False
1050,686,False
1075,686,False
1075,686,False
1097,686,False
1097,686,False
1458,686,False
1458,686,False
26,687,False
26,687,False
67,687,False
67,687,False
119,687,False
119,687,False
152,687,False
152,687,False
575,687,False
575,687,False
631,687,False
631,687,False
798,687,False
798,687,False
1111,687,False
1111,687,False
1169,687,False
1169,687,False
1247,687,False
1247,687,False
1450,687,False
1450,687,False
436,688,False
436,688,False
460,688,False
460,688,False
539,688,False
539,688,False
654,688,False
654,688,False
678,688,False
678,688,False
687,688,False
687,688,False
745,688,False
745,688,False
791,688,False
791,688,False
922,688,False
922,688,False
1021,688,False
1021,688,False
1114,688,False
1114,688,False
1195,688,False
1195,688,False
13,689,False
13,689,False
42,689,False
42,689,False
202,689,False
202,689,False
209,689,False
209,689,False
382,689,False
382,689,False
729,689,False
729,689,False
808,689,False
808,689,False
1097,689,False
1097,689,False
65,690,False
65,690,False
234,690,False
234,690,False
415,690,False
415,690,False
428,690,False
428,690,False
996,690,False
996,690,False
1027,690,False
1027,690,False
1111,690,False
1111,690,False
1291,690,False
1291,690,False
432,691,False
432,691,False
581,691,False
581,691,False
607,691,False
607,691,False
757,691,False
757,691,False
762,691,False
762,691,False
1361,691,False
1361,691,False
1380,691,False
1380,691,False
165,692,False
165,692,False
449,692,False
449,692,False
843,692,False
843,692,False
977,692,False
977,692,False
1018,692,False
1018,692,False
1090,692,False
1090,692,False
24,693,False
24,693,False
460,693,False
460,693,False
469,693,False
469,693,False
1005,693,False
1005,693,False
1184,693,False
1184,693,False
780,694,False
780,694,False
1047,694,False
1047,694,False
1057,694,False
1057,694,False
1064,694,False
1064,694,False
1112,694,False
1112,694,False
1293,694,False
1293,694,False
118,695,False
118,695,False
143,695,False
143,695,False
422,695,False
422,695,False
756,695,False
756,695,False
829,695,False
829,695,False
1090,695,False
1090,695,False
1160,695,False
1160,695,False
1304,695,False
1304,695,False
1484,695,False
1484,695,False
1504,695,False
1504,695,False
185,696,False
185,696,False
1345,696,False
1345,696,False
1353,696,False
1353,696,False
1401,696,False
1401,696,False
1433,696,False
1433,696,False
1463,696,False
1463,696,False
1470,696,False
1470,696,False
256,697,False
256,697,False
426,697,False
426,697,False
974,697,False
974,697,False
1136,697,False
1136,697,False
1236,697,False
1236,697,False
1291,697,False
1291,697,False
123,698,False
123,698,False
149,698,False
149,698,False
762,698,False
762,698,False
880,698,False
880,698,False
906,698,False
906,698,False
922,698,False
922,698,False
925,698,False
925,698,False
997,698,False
997,698,False
1027,698,False
1027,698,False
1092,698,False
1092,698,False
1377,698,False
1377,698,False
1424,698,False
1424,698,False
287,699,False
287,699,False
523,699,False
523,699,False
887,699,False
887,699,False
553,700,False
553,700,False
827,700,False
827,700,False
845,700,False
845,700,False
956,700,False
956,700,False
1233,700,False
1233,700,False
268,701,False
268,701,False
668,701,False
668,701,False
721,701,False
721,701,False
794,701,False
794,701,False
1071,701,False
1071,701,False
1194,701,False
1194,701,False
1266,701,False
1266,701,False
148,702,False
148,702,False
161,702,False
161,702,False
926,702,False
926,702,False
1306,702,False
1306,702,False
1418,702,False
1418,702,False
1449,702,False
1449,702,False
709,703,False
709,703,False
753,703,False
753,703,False
876,703,False
876,703,False
907,703,False
907,703,False
1112,703,False
1112,703,False
1491,703,False
1491,703,False
435,704,False
435,704,False
524,704,False
524,704,False
544,704,False
544,704,False
778,704,False
778,704,False
888,704,False
888,704,False
997,704,False
997,704,False
1357,704,False
1357,704,False
184,705,False
184,705,False
423,705,False
423,705,False
824,705,False
824,705,False
861,705,False
861,705,False
937,705,False
937,705,False
972,705,False
972,705,False
1005,705,False
1005,705,False
1073,705,False
1073,705,False
1085,705,False
1085,705,False
1178,705,False
1178,705,False
1276,705,False
1276,705,False
1323,705,False
1323,705,False
1333,705,False
1333,705,False
1449,705,False
1449,705,False
1458,705,False
1458,705,False
1503,705,False
1503,705,False
710,706,False
710,706,False
761,706,False
761,706,False
928,706,False
928,706,False
1054,706,False
1054,706,False
433,707,False
433,707,False
587,707,False
587,707,False
678,707,False
678,707,False
722,707,False
722,707,False
1030,707,False
1030,707,False
1036,707,False
1036,707,False
1120,707,False
1120,707,False
852,708,False
852,708,False
876,708,False
876,708,False
895,708,False
895,708,False
917,708,False
917,708,False
1045,708,False
1045,708,False
1182,708,False
1182,708,False
1220,708,False
1220,708,False
1390,708,False
1390,708,False
1410,708,False
1410,708,False
386,709,False
386,709,False
521,709,False
521,709,False
548,709,False
548,709,False
636,709,False
636,709,False
825,709,False
825,709,False
993,709,False
993,709,False
1082,709,False
1082,709,False
1145,709,False
1145,709,False
1157,709,False
1157,709,False
1247,709,False
1247,709,False
1357,709,False
1357,709,False
109,710,False
109,710,False
182,710,False
182,710,False
294,710,False
294,710,False
459,710,False
459,710,False
706,710,False
706,710,False
946,710,False
946,710,False
1004,710,False
1004,710,False
1072,710,False
1072,710,False
1324,710,False
1324,710,False
1498,710,False
1498,710,False
281,711,False
281,711,False
541,711,False
541,711,False
657,711,False
657,711,False
777,711,False
777,711,False
810,711,False
810,711,False
927,711,False
927,711,False
973,711,False
973,711,False
209,712,False
209,712,False
504,712,False
504,712,False
794,712,False
794,712,False
864,712,False
864,712,False
905,712,False
905,712,False
1014,712,False
1014,712,False
1373,712,False
1373,712,False
1398,712,False
1398,712,False
256,713,False
256,713,False
294,713,False
294,713,False
394,713,False
394,713,False
1075,713,False
1075,713,False
1336,713,False
1336,713,False
1456,713,False
1456,713,False
1513,713,False
1513,713,False
517,714,False
517,714,False
695,714,False
695,714,False
957,714,False
957,714,False
1098,714,False
1098,714,False
1219,714,False
1219,714,False
1275,714,False
1275,714,False
21,715,False
21,715,False
36,715,False
36,715,False
567,715,False
567,715,False
596,715,False
596,715,False
843,715,False
843,715,False
1235,715,False
1235,715,False
1493,715,False
1493,715,False
1509,715,False
1509,715,False
29,716,False
29,716,False
43,716,False
43,716,False
91,716,False
91,716,False
216,716,False
216,716,False
219,716,False
219,716,False
241,716,False
241,716,False
557,716,False
557,716,False
640,716,False
640,716,False
645,716,False
645,716,False
662,716,False
662,716,False
689,716,False
689,716,False
766,716,False
766,716,False
868,716,False
868,716,False
887,716,False
887,716,False
1028,716,False
1028,716,False
1384,716,False
1384,716,False
123,717,False
123,717,False
139,717,False
139,717,False
279,717,False
279,717,False
677,717,False
677,717,False
993,717,False
993,717,False
1072,717,False
1072,717,False
1137,717,False
1137,717,False
1273,717,False
1273,717,False
414,718,False
414,718,False
535,718,False
535,718,False
577,718,False
577,718,False
726,718,False
726,718,False
862,718,False
862,718,False
1054,718,False
1054,718,False
1098,718,False
1098,718,False
1410,718,False
1410,718,False
505,719,False
505,719,False
641,719,False
641,719,False
763,719,False
763,719,False
961,719,False
961,719,False
1242,719,False
1242,719,False
157,720,False
157,720,False
263,720,False
263,720,False
322,720,False
322,720,False
593,720,False
593,720,False
615,720,False
615,720,False
661,720,False
661,720,False
695,720,False
695,720,False
811,720,False
811,720,False
832,720,False
832,720,False
1002,720,False
1002,720,False
1141,720,False
1141,720,False
1174,720,False
1174,720,False
1438,720,False
1438,720,False
126,721,False
126,721,False
246,721,False
246,721,False
293,721,False
293,721,False
435,721,False
435,721,False
581,721,False
581,721,False
880,721,False
880,721,False
1008,721,False
1008,721,False
1130,721,False
1130,721,False
1357,721,False
1357,721,False
1472,721,False
1472,721,False
1515,721,False
1515,721,False
105,722,False
105,722,False
368,722,False
368,722,False
425,722,False
425,722,False
459,722,False
459,722,False
506,722,False
506,722,False
604,722,False
604,722,False
646,722,False
646,722,False
687,722,False
687,722,False
867,722,False
867,722,False
926,722,False
926,722,False
956,722,False
956,722,False
75,723,False
75,723,False
82,723,False
82,723,False
304,723,False
304,723,False
379,723,False
379,723,False
491,723,False
491,723,False
562,723,False
562,723,False
591,723,False
591,723,False
777,723,False
777,723,False
887,723,False
887,723,False
1104,723,False
1104,723,False
313,724,False
313,724,False
362,724,False
362,724,False
429,724,False
429,724,False
1031,724,False
1031,724,False
1210,724,False
1210,724,False
1238,724,False
1238,724,False
1357,724,False
1357,724,False
1490,724,False
1490,724,False
107,725,False
107,725,False
319,725,False
319,725,False
342,725,False
342,725,False
468,725,False
468,725,False
478,725,False
478,725,False
582,725,False
582,725,False
618,725,False
618,725,False
634,725,False
634,725,False
908,725,False
908,725,False
926,725,False
926,725,False
963,725,False
963,725,False
969,725,False
969,725,False
993,725,False
993,725,False
1052,725,False
1052,725,False
1130,725,False
1130,725,False
1157,725,False
1157,725,False
1197,725,False
1197,725,False
1305,725,False
1305,725,False
1325,725,False
1325,725,False
197,726,False
197,726,False
246,726,False
246,726,False
534,726,False
534,726,False
561,726,False
561,726,False
591,726,False
591,726,False
1110,726,False
1110,726,False
142,727,False
142,727,False
514,727,False
514,727,False
650,727,False
650,727,False
664,727,False
664,727,False
762,727,False
762,727,False
888,727,False
888,727,False
936,727,False
936,727,False
1003,727,False
1003,727,False
1011,727,False
1011,727,False
1209,727,False
1209,727,False
1233,727,False
1233,727,False
1403,727,False
1403,727,False
1452,727,False
1452,727,False
474,728,False
474,728,False
626,728,False
626,728,False
830,728,False
830,728,False
840,728,False
840,728,False
1141,728,False
1141,728,False
1157,728,False
1157,728,False
132,729,False
132,729,False
868,729,False
868,729,False
1392,729,False
1392,729,False
1492,729,False
1492,729,False
33,730,False
33,730,False
54,730,False
54,730,False
316,730,False
316,730,False
514,730,False
514,730,False
558,730,False
558,730,False
812,730,False
812,730,False
887,730,False
887,730,False
1002,730,False
1002,730,False
1069,730,False
1069,730,False
1087,730,False
1087,730,False
1112,730,False
1112,730,False
1186,730,False
1186,730,False
1197,730,False
1197,730,False
1270,730,False
1270,730,False
167,731,False
167,731,False
291,731,False
291,731,False
312,731,False
312,731,False
332,731,False
332,731,False
413,731,False
413,731,False
655,731,False
655,731,False
723,731,False
723,731,False
926,731,False
926,731,False
279,732,False
279,732,False
446,732,False
446,732,False
455,732,False
455,732,False
530,732,False
530,732,False
645,732,False
645,732,False
681,732,False
681,732,False
717,732,False
717,732,False
843,732,False
843,732,False
905,732,False
905,732,False
960,732,False
960,732,False
1245,732,False
1245,732,False
22,733,False
22,733,False
42,733,False
42,733,False
96,733,False
96,733,False
191,733,False
191,733,False
397,733,False
397,733,False
556,733,False
556,733,False
606,733,False
606,733,False
614,733,False
614,733,False
764,733,False
764,733,False
1025,733,False
1025,733,False
1138,733,False
1138,733,False
1176,733,False
1176,733,False
1227,733,False
1227,733,False
1492,733,False
1492,733,False
35,734,False
35,734,False
204,734,False
204,734,False
237,734,False
237,734,False
370,734,False
370,734,False
752,734,False
752,734,False
789,734,False
789,734,False
812,734,False
812,734,False
846,734,False
846,734,False
1163,734,False
1163,734,False
1218,734,False
1218,734,False
1446,734,False
1446,734,False
104,735,False
104,735,False
593,735,False
593,735,False
729,735,False
729,735,False
935,735,False
935,735,False
1308,735,False
1308,735,False
1387,735,False
1387,735,False
1478,735,False
1478,735,False
80,736,False
80,736,False
239,736,False
239,736,False
499,736,False
499,736,False
725,736,False
725,736,False
832,736,False
832,736,False
878,736,False
878,736,False
1117,736,False
1117,736,False
1192,736,False
1192,736,False
1242,736,False
1242,736,False
1278,736,False
1278,736,False
118,737,False
118,737,False
527,737,False
527,737,False
546,737,False
546,737,False
653,737,False
653,737,False
958,737,False
958,737,False
1091,737,False
1091,737,False
1219,737,False
1219,737,False
1362,737,False
1362,737,False
1505,737,False
1505,737,False
60,738,False
60,738,False
130,738,False
130,738,False
558,738,False
558,738,False
597,738,False
597,738,False
673,738,False
673,738,False
697,738,False
697,738,False
757,738,False
757,738,False
800,738,False
800,738,False
846,738,False
846,738,False
972,738,False
972,738,False
1112,738,False
1112,738,False
1141,738,False
1141,738,False
1184,738,False
1184,738,False
1193,738,False
1193,738,False
1351,738,False
1351,738,False
1388,738,False
1388,738,False
102,739,False
102,739,False
458,739,False
458,739,False
641,739,False
641,739,False
898,739,False
898,739,False
1002,739,False
1002,739,False
1122,739,False
1122,739,False
1146,739,False
1146,739,False
1247,739,False
1247,739,False
1429,739,False
1429,739,False
1434,739,False
1434,739,False
1452,739,False
1452,739,False
75,740,False
75,740,False
265,740,False
265,740,False
303,740,False
303,740,False
327,740,False
327,740,False
621,740,False
621,740,False
680,740,False
680,740,False
818,740,False
818,740,False
881,740,False
881,740,False
1090,740,False
1090,740,False
1209,740,False
1209,740,False
1323,740,False
1323,740,False
109,741,False
109,741,False
321,741,False
321,741,False
496,741,False
496,741,False
580,741,False
580,741,False
656,741,False
656,741,False
665,741,False
665,741,False
697,741,False
697,741,False
770,741,False
770,741,False
790,741,False
790,741,False
802,741,False
802,741,False
1152,741,False
1152,741,False
1342,741,False
1342,741,False
1371,741,False
1371,741,False
1380,741,False
1380,741,False
1392,741,False
1392,741,False
1422,741,False
1422,741,False
1461,741,False
1461,741,False
1482,741,False
1482,741,False
37,742,False
37,742,False
342,742,False
342,742,False
388,742,False
388,742,False
461,742,False
461,742,False
556,742,False
556,742,False
846,742,False
846,742,False
866,742,False
866,742,False
1010,742,False
1010,742,False
1284,742,False
1284,742,False
1347,742,False
1347,742,False
1441,742,False
1441,742,False
317,743,False
317,743,False
339,743,False
339,743,False
392,743,False
392,743,False
479,743,False
479,743,False
547,743,False
547,743,False
716,743,False
716,743,False
725,743,False
725,743,False
900,743,False
900,743,False
1268,743,False
1268,743,False
1392,743,False
1392,743,False
314,744,False
314,744,False
365,744,False
365,744,False
598,744,False
598,744,False
638,744,False
638,744,False
1026,744,False
1026,744,False
1050,744,False
1050,744,False
1138,744,False
1138,744,False
1323,744,False
1323,744,False
1483,744,False
1483,744,False
330,745,False
330,745,False
469,745,False
469,745,False
619,745,False
619,745,False
628,745,False
628,745,False
754,745,False
754,745,False
890,745,False
890,745,False
984,745,False
984,745,False
1000,745,False
1000,745,False
1377,745,False
1377,745,False
341,746,False
341,746,False
525,746,False
525,746,False
537,746,False
537,746,False
684,746,False
684,746,False
824,746,False
824,746,False
944,746,False
944,746,False
960,746,False
960,746,False
981,746,False
981,746,False
1006,746,False
1006,746,False
1178,746,False
1178,746,False
1308,746,False
1308,746,False
1355,746,False
1355,746,False
1495,746,False
1495,746,False
43,747,False
43,747,False
65,747,False
65,747,False
358,747,False
358,747,False
501,747,False
501,747,False
708,747,False
708,747,False
714,747,False
714,747,False
741,747,False
741,747,False
950,747,False
950,747,False
1463,747,False
1463,747,False
1467,747,False
1467,747,False
348,748,False
348,748,False
448,748,False
448,748,False
644,748,False
644,748,False
664,748,False
664,748,False
725,748,False
725,748,False
735,748,False
735,748,False
810,748,False
810,748,False
846,748,False
846,748,False
863,748,False
863,748,False
898,748,False
898,748,False
906,748,False
906,748,False
911,748,False
911,748,False
992,748,False
992,748,False
1050,748,False
1050,748,False
1140,748,False
1140,748,False
387,749,False
387,749,False
467,749,False
467,749,False
557,749,False
557,749,False
622,749,False
622,749,False
882,749,False
882,749,False
917,749,False
917,749,False
1058,749,False
1058,749,False
1098,749,False
1098,749,False
1109,749,False
1109,749,False
1238,749,False
1238,749,False
1494,749,False
1494,749,False
20,750,False
20,750,False
235,750,False
235,750,False
339,750,False
339,750,False
362,750,False
362,750,False
409,750,False
409,750,False
544,750,False
544,750,False
683,750,False
683,750,False
689,750,False
689,750,False
696,750,False
696,750,False
754,750,False
754,750,False
841,750,False
841,750,False
1159,750,False
1159,750,False
1166,750,False
1166,750,False
1323,750,False
1323,750,False
1390,750,False
1390,750,False
377,751,False
377,751,False
575,751,False
575,751,False
770,751,False
770,751,False
952,751,False
952,751,False
1009,751,False
1009,751,False
1185,751,False
1185,751,False
1424,751,False
1424,751,False
1466,751,False
1466,751,False
1515,751,False
1515,751,False
172,752,False
172,752,False
509,752,False
509,752,False
522,752,False
522,752,False
554,752,False
554,752,False
590,752,False
590,752,False
639,752,False
639,752,False
866,752,False
866,752,False
978,752,False
978,752,False
1065,752,False
1065,752,False
1239,752,False
1239,752,False
1291,752,False
1291,752,False
1345,752,False
1345,752,False
142,753,False
142,753,False
155,753,False
155,753,False
275,753,False
275,753,False
410,753,False
410,753,False
579,753,False
579,753,False
625,753,False
625,753,False
814,753,False
814,753,False
875,753,False
875,753,False
1098,753,False
1098,753,False
1263,753,False
1263,753,False
1362,753,False
1362,753,False
1444,753,False
1444,753,False
114,754,False
114,754,False
397,754,False
397,754,False
419,754,False
419,754,False
426,754,False
426,754,False
612,754,False
612,754,False
708,754,False
708,754,False
730,754,False
730,754,False
768,754,False
768,754,False
958,754,False
958,754,False
987,754,False
987,754,False
991,754,False
991,754,False
1094,754,False
1094,754,False
1390,754,False
1390,754,False
149,755,False
149,755,False
159,755,False
159,755,False
194,755,False
194,755,False
286,755,False
286,755,False
330,755,False
330,755,False
527,755,False
527,755,False
653,755,False
653,755,False
1072,755,False
1072,755,False
1212,755,False
1212,755,False
1239,755,False
1239,755,False
1327,755,False
1327,755,False
42,756,False
42,756,False
300,756,False
300,756,False
385,756,False
385,756,False
513,756,False
513,756,False
522,756,False
522,756,False
725,756,False
725,756,False
762,756,False
762,756,False
837,756,False
837,756,False
841,756,False
841,756,False
1058,756,False
1058,756,False
1079,756,False
1079,756,False
1089,756,False
1089,756,False
1184,756,False
1184,756,False
1465,756,False
1465,756,False
1480,756,False
1480,756,False
162,757,False
162,757,False
410,757,False
410,757,False
416,757,False
416,757,False
476,757,False
476,757,False
533,757,False
533,757,False
571,757,False
571,757,False
598,757,False
598,757,False
646,757,False
646,757,False
846,757,False
846,757,False
917,757,False
917,757,False
1099,757,False
1099,757,False
1319,757,False
1319,757,False
1355,757,False
1355,757,False
1499,757,False
1499,757,False
110,758,False
110,758,False
197,758,False
197,758,False
393,758,False
393,758,False
602,758,False
602,758,False
637,758,False
637,758,False
699,758,False
699,758,False
1031,758,False
1031,758,False
1070,758,False
1070,758,False
1185,758,False
1185,758,False
1342,758,False
1342,758,False
1368,758,False
1368,758,False
136,759,False
136,759,False
465,759,False
465,759,False
702,759,False
702,759,False
719,759,False
719,759,False
728,759,False
728,759,False
795,759,False
795,759,False
984,759,False
984,759,False
1154,759,False
1154,759,False
1174,759,False
1174,759,False
1179,759,False
1179,759,False
1303,759,False
1303,759,False
1337,759,False
1337,759,False
24,760,False
24,760,False
359,760,False
359,760,False
413,760,False
413,760,False
430,760,False
430,760,False
444,760,False
444,760,False
447,760,False
447,760,False
497,760,False
497,760,False
619,760,False
619,760,False
744,760,False
744,760,False
1082,760,False
1082,760,False
1088,760,False
1088,760,False
1112,760,False
1112,760,False
1403,760,False
1403,760,False
54,761,False
54,761,False
310,761,False
310,761,False
511,761,False
511,761,False
597,761,False
597,761,False
765,761,False
765,761,False
453,762,False
453,762,False
599,762,False
599,762,False
860,762,False
860,762,False
1001,762,False
1001,762,False
1027,762,False
1027,762,False
1068,762,False
1068,762,False
1286,762,False
1286,762,False
990,763,False
990,763,False
1033,763,False
1033,763,False
1178,763,False
1178,763,False
1184,763,False
1184,763,False
1204,763,False
1204,763,False
1223,763,False
1223,763,False
1233,763,False
1233,763,False
1380,763,False
1380,763,False
1474,763,False
1474,763,False
474,764,False
474,764,False
512,764,False
512,764,False
531,764,False
531,764,False
725,764,False
725,764,False
994,764,False
994,764,False
1040,764,False
1040,764,False
1160,764,False
1160,764,False
1270,764,False
1270,764,False
1337,764,False
1337,764,False
1420,764,False
1420,764,False
1452,764,False
1452,764,False
338,765,False
338,765,False
469,765,False
469,765,False
494,765,False
494,765,False
1018,765,False
1018,765,False
1093,765,False
1093,765,False
1243,765,False
1243,765,False
1262,765,False
1262,765,False
1497,765,False
1497,765,False
178,766,False
178,766,False
554,766,False
554,766,False
865,766,False
865,766,False
1248,766,False
1248,766,False
1515,766,False
1515,766,False
523,767,False
523,767,False
1056,767,False
1056,767,False
1157,767,False
1157,767,False
1398,767,False
1398,767,False
358,768,False
358,768,False
532,768,False
532,768,False
1041,768,False
1041,768,False
1198,768,False
1198,768,False
1226,768,False
1226,768,False
1278,768,False
1278,768,False
1449,768,False
1449,768,False
76,769,False
76,769,False
406,769,False
406,769,False
1063,769,False
1063,769,False
1463,769,False
1463,769,False
1509,769,False
1509,769,False
793,770,False
793,770,False
916,770,False
916,770,False
1006,770,False
1006,770,False
1162,770,False
1162,770,False
1255,770,False
1255,770,False
446,771,False
446,771,False
535,771,False
535,771,False
542,771,False
542,771,False
765,771,False
765,771,False
1171,771,False
1171,771,False
1191,771,False
1191,771,False
632,772,False
632,772,False
826,772,False
826,772,False
886,772,False
886,772,False
1388,772,False
1388,772,False
1423,772,False
1423,772,False
1474,772,False
1474,772,False
354,773,False
354,773,False
893,773,False
893,773,False
976,773,False
976,773,False
1186,773,False
1186,773,False
1227,773,False
1227,773,False
1374,773,False
1374,773,False
416,774,False
416,774,False
475,774,False
475,774,False
518,774,False
518,774,False
597,774,False
597,774,False
769,774,False
769,774,False
935,774,False
935,774,False
1270,774,False
1270,774,False
1279,774,False
1279,774,False
1439,774,False
1439,774,False
490,775,False
490,775,False
501,775,False
501,775,False
1195,775,False
1195,775,False
1401,775,False
1401,775,False
1485,775,False
1485,775,False
104,776,False
104,776,False
162,776,False
162,776,False
574,776,False
574,776,False
914,776,False
914,776,False
1179,776,False
1179,776,False
1053,777,False
1053,777,False
1286,777,False
1286,777,False
1336,777,False
1336,777,False
1441,777,False
1441,777,False
364,779,False
364,779,False
797,779,False
797,779,False
1394,779,False
1394,779,False
1433,779,False
1433,779,False
1504,779,False
1504,779,False
139,780,False
139,780,False
144,780,False
144,780,False
401,780,False
401,780,False
479,780,False
479,780,False
543,780,False
543,780,False
790,780,False
790,780,False
119,781,False
119,781,False
1318,781,False
1318,781,False
1359,781,False
1359,781,False
30,782,False
30,782,False
109,782,False
109,782,False
135,782,False
135,782,False
1294,782,False
1294,782,False
129,783,False
129,783,False
427,783,False
427,783,False
433,783,False
433,783,False
583,783,False
583,783,False
908,783,False
908,783,False
1096,783,False
1096,783,False
1169,783,False
1169,783,False
1306,783,False
1306,783,False
1345,783,False
1345,783,False
44,784,False
44,784,False
78,784,False
78,784,False
94,784,False
94,784,False
377,784,False
377,784,False
657,784,False
657,784,False
701,784,False
701,784,False
871,784,False
871,784,False
1079,784,False
1079,784,False
1229,784,False
1229,784,False
1275,784,False
1275,784,False
62,785,False
62,785,False
531,785,False
531,785,False
646,785,False
646,785,False
809,785,False
809,785,False
815,785,False
815,785,False
999,785,False
999,785,False
1279,785,False
1279,785,False
14,786,False
14,786,False
1328,786,False
1328,786,False
56,787,False
56,787,False
87,787,False
87,787,False
446,787,False
446,787,False
693,787,False
693,787,False
750,787,False
750,787,False
822,787,False
822,787,False
891,787,False
891,787,False
1094,787,False
1094,787,False
1232,787,False
1232,787,False
1387,787,False
1387,787,False
66,788,False
66,788,False
763,788,False
763,788,False
772,788,False
772,788,False
1087,788,False
1087,788,False
1126,788,False
1126,788,False
1394,788,False
1394,788,False
69,789,False
69,789,False
1403,789,False
1403,789,False
791,790,False
791,790,False
800,790,False
800,790,False
1152,790,False
1152,790,False
1381,790,False
1381,790,False
489,791,False
489,791,False
540,791,False
540,791,False
716,791,False
716,791,False
1513,791,False
1513,791,False
452,792,False
452,792,False
461,792,False
461,792,False
520,792,False
520,792,False
645,792,False
645,792,False
706,792,False
706,792,False
816,792,False
816,792,False
1100,792,False
1100,792,False
1214,792,False
1214,792,False
401,793,False
401,793,False
60,794,False
60,794,False
147,794,False
147,794,False
793,794,False
793,794,False
1409,795,False
1409,795,False
1487,795,False
1487,795,False
1121,796,False
1121,796,False
38,797,False
38,797,False
413,797,False
413,797,False
26,798,False
26,798,False
35,798,False
35,798,False
552,798,False
552,798,False
598,798,False
598,798,False
775,798,False
775,798,False
948,798,False
948,798,False
968,798,False
968,798,False
1414,798,False
1414,798,False
681,799,False
681,799,False
1446,799,False
1446,799,False
1467,799,False
1467,799,False
1473,799,False
1473,799,False
441,800,False
441,800,False
568,800,False
568,800,False
769,800,False
769,800,False
1444,800,False
1444,800,False
31,801,False
31,801,False
51,801,False
51,801,False
724,801,False
724,801,False
878,801,False
878,801,False
1005,801,False
1005,801,False
1025,801,False
1025,801,False
1050,801,False
1050,801,False
1064,801,False
1064,801,False
1218,801,False
1218,801,False
1453,801,False
1453,801,False
1489,801,False
1489,801,False
16,802,False
16,802,False
780,802,False
780,802,False
982,802,False
982,802,False
1494,802,False
1494,802,False
12,803,False
12,803,False
1450,803,False
1450,803,False
1476,803,False
1476,803,False
695,804,False
695,804,False
713,804,False
713,804,False
818,804,False
818,804,False
451,805,False
451,805,False
468,805,False
468,805,False
480,805,False
480,805,False
993,805,False
993,805,False
26,806,False
26,806,False
463,806,False
463,806,False
484,806,False
484,806,False
859,806,False
859,806,False
871,806,False
871,806,False
1027,806,False
1027,806,False
981,807,False
981,807,False
39,808,False
39,808,False
1489,808,False
1489,808,False
1499,808,False
1499,808,False
1507,809,False
1507,809,False
589,810,False
589,810,False
1227,810,False
1227,810,False
915,811,False
915,811,False
626,812,False
626,812,False
843,812,False
843,812,False
889,812,False
889,812,False
1495,812,False
1495,812,False
697,814,False
697,814,False
807,814,False
807,814,False
902,814,False
902,814,False
1520,814,False
1520,814,False
9,815,False
9,815,False
764,815,False
764,815,False
797,815,False
797,815,False
977,816,False
977,816,False
1505,816,False
1505,816,False
735,817,False
735,817,False
1215,817,False
1215,817,False
906,818,False
906,818,False
939,818,False
939,818,False
1168,818,False
1168,818,False
1184,818,False
1184,818,False
1429,818,False
1429,818,False
619,819,False
619,819,False
929,819,False
929,819,False
1236,819,False
1236,819,False
541,820,False
541,820,False
916,820,False
916,820,False
932,820,False
932,820,False
1444,820,False
1444,820,False
1480,820,False
1480,820,False
494,821,False
494,821,False
574,821,False
574,821,False
851,821,False
851,821,False
1244,821,False
1244,821,False
1324,821,False
1324,821,False
1340,821,False
1340,821,False
1460,821,False
1460,821,False
549,822,False
549,822,False
1253,822,False
1253,822,False
1424,822,False
1424,822,False
584,823,False
584,823,False
610,823,False
610,823,False
707,823,False
707,823,False
878,823,False
878,823,False
1043,823,False
1043,823,False
1375,823,False
1375,823,False
1347,824,False
1347,824,False
1450,824,False
1450,824,False
23,825,False
23,825,False
669,825,False
669,825,False
690,825,False
690,825,False
747,825,False
747,825,False
776,825,False
776,825,False
852,825,False
852,825,False
906,825,False
906,825,False
940,825,False
940,825,False
1278,825,False
1278,825,False
15,826,False
15,826,False
584,826,False
584,826,False
637,826,False
637,826,False
855,826,False
855,826,False
944,826,False
944,826,False
1193,826,False
1193,826,False
1207,826,False
1207,826,False
1243,826,False
1243,826,False
1252,826,False
1252,826,False
560,827,False
560,827,False
781,827,False
781,827,False
1006,827,False
1006,827,False
1167,827,False
1167,827,False
1298,827,False
1298,827,False
887,828,False
887,828,False
1236,828,False
1236,828,False
1270,828,False
1270,828,False
1385,828,False
1385,828,False
1419,828,False
1419,828,False
663,829,False
663,829,False
1247,829,False
1247,829,False
1354,829,False
1354,829,False
1473,829,False
1473,829,False
1511,829,False
1511,829,False
559,830,False
559,830,False
729,830,False
729,830,False
914,830,False
914,830,False
971,830,False
971,830,False
1402,830,False
1402,830,False
1407,830,False
1407,830,False
894,831,False
894,831,False
1005,831,False
1005,831,False
556,832,False
556,832,False
906,832,False
906,832,False
1015,832,False
1015,832,False
1248,832,False
1248,832,False
1301,832,False
1301,832,False
1373,832,False
1373,832,False
897,834,False
897,834,False
591,835,False
591,835,False
1235,835,False
1235,835,False
1245,835,False
1245,835,False
1382,835,False
1382,835,False
605,836,False
605,836,False
718,836,False
718,836,False
850,836,False
850,836,False
575,837,False
575,837,False
693,837,False
693,837,False
1274,837,False
1274,837,False
1431,837,False
1431,837,False
554,838,False
554,838,False
794,838,False
794,838,False
908,838,False
908,838,False
918,838,False
918,838,False
1186,838,False
1186,838,False
1237,838,False
1237,838,False
707,839,False
707,839,False
1387,839,False
1387,839,False
1401,839,False
1401,839,False
1518,839,False
1518,839,False
839,841,False
839,841,False
912,841,False
912,841,False
1211,841,False
1211,841,False
1230,841,False
1230,841,False
824,842,False
824,842,False
827,842,False
827,842,False
868,842,False
868,842,False
1259,842,False
1259,842,False
1361,842,False
1361,842,False
1486,842,False
1486,842,False
893,843,False
893,843,False
1306,843,False
1306,843,False
1311,843,False
1311,843,False
1341,843,False
1341,843,False
1464,843,False
1464,843,False
652,844,False
652,844,False
1512,844,False
1512,844,False
1280,845,False
1280,845,False
1371,845,False
1371,845,False
1387,845,False
1387,845,False
610,846,False
610,846,False
1210,846,False
1210,846,False
646,847,False
646,847,False
762,847,False
762,847,False
1492,847,False
1492,847,False
618,848,False
618,848,False
599,849,False
599,849,False
660,849,False
660,849,False
1422,849,False
1422,849,False
1462,849,False
1462,849,False
674,851,False
674,851,False
591,852,False
591,852,False
683,852,False
683,852,False
728,852,False
728,852,False
578,853,False
578,853,False
45,854,False
45,854,False
640,854,False
640,854,False
691,855,False
691,855,False
764,855,False
764,855,False
619,857,False
619,857,False
712,857,False
712,857,False
775,857,False
775,857,False
49,858,False
49,858,False
586,858,False
586,858,False
8,859,False
8,859,False
67,860,False
67,860,False
813,862,False
813,862,False
649,864,False
649,864,False
834,864,False
834,864,False
26,867,False
26,867,False
30,867,False
30,867,False
764,867,False
764,867,False
875,867,False
875,867,False
743,871,False
743,871,False
627,873,False
627,873,False
845,873,False
845,873,False
887,873,False
887,873,False
15,876,False
15,876,False
549,876,False
549,876,False
836,876,False
836,876,False
74,877,False
74,877,False
612,878,False
612,878,False
798,878,False
798,878,False
531,879,False
531,879,False
30,881,False
30,881,False
34,881,False
34,881,False
676,881,False
676,881,False
742,882,False
742,882,False
22,886,False
22,886,False
760,886,False
760,886,False
699,887,False
699,887,False
55,889,False
55,889,False
40,891,False
40,891,False
751,892,False
751,892,False
798,893,False
798,893,False
653,894,False
653,894,False
658,894,False
658,894,False
686,894,False
686,894,False
15,896,False
15,896,False
43,896,False
43,896,False
633,896,False
633,896,False
109,897,False
109,897,False
54,899,False
54,899,False
772,899,False
772,899,False
125,900,False
125,900,False
733,900,False
733,900,False
38,901,False
38,901,False
48,903,False
48,903,False
565,903,False
565,903,False
118,904,False
118,904,False
70,907,False
70,907,False
690,908,False
690,908,False
505,909,False
505,909,False
129,910,False
129,910,False
155,911,False
155,911,False
721,911,False
721,911,False
44,912,False
44,912,False
55,912,False
55,912,False
65,913,False
65,913,False
694,913,False
694,913,False
836,913,False
836,913,False
138,914,False
138,914,False
51,915,False
51,915,False
59,915,False
59,915,False
373,915,False
373,915,False
936,915,False
936,915,False
85,916,False
85,916,False
103,916,False
103,916,False
187,918,False
187,918,False
392,918,False
392,918,False
625,918,False
625,918,False
685,919,False
685,919,False
76,920,False
76,920,False
509,921,False
509,921,False
750,921,False
750,921,False
958,921,False
958,921,False
213,922,False
213,922,False
378,922,False
378,922,False
477,922,False
477,922,False
129,924,False
129,924,False
697,924,False
697,924,False
451,925,False
451,925,False
56,926,False
56,926,False
123,926,False
123,926,False
461,926,False
461,926,False
616,927,False
616,927,False
62,928,False
62,928,False
97,929,False
97,929,False
143,929,False
143,929,False
829,929,False
829,929,False
113,930,False
113,930,False
833,930,False
833,930,False
68,931,False
68,931,False
132,931,False
132,931,False
704,931,False
704,931,False
159,932,False
159,932,False
198,932,False
198,932,False
354,932,False
354,932,False
358,932,False
358,932,False
722,932,False
722,932,False
49,933,False
49,933,False
90,933,False
90,933,False
677,933,False
677,933,False
105,934,False
105,934,False
154,934,False
154,934,False
118,935,False
118,935,False
491,935,False
491,935,False
177,937,False
177,937,False
403,937,False
403,937,False
410,937,False
410,937,False
685,937,False
685,937,False
765,937,False
765,937,False
26,938,False
26,938,False
509,938,False
509,938,False
742,938,False
742,938,False
349,939,False
349,939,False
411,939,False
411,939,False
716,940,False
716,940,False
725,940,False
725,940,False
43,941,False
43,941,False
461,941,False
461,941,False
576,941,False
576,941,False
753,941,False
753,941,False
34,942,False
34,942,False
187,942,False
187,942,False
714,943,False
714,943,False
26,944,False
26,944,False
137,944,False
137,944,False
115,945,False
115,945,False
661,945,False
661,945,False
122,947,False
122,947,False
154,947,False
154,947,False
745,947,False
745,947,False
77,948,False
77,948,False
126,948,False
126,948,False
317,948,False
317,948,False
866,948,False
866,948,False
310,949,False
310,949,False
799,949,False
799,949,False
88,950,False
88,950,False
99,951,False
99,951,False
50,952,False
50,952,False
932,952,False
932,952,False
218,953,False
218,953,False
1103,953,False
1103,953,False
107,954,False
107,954,False
418,954,False
418,954,False
1162,954,False
1162,954,False
41,955,False
41,955,False
131,955,False
131,955,False
733,955,False
733,955,False
92,956,False
92,956,False
773,956,False
773,956,False
846,956,False
846,956,False
1022,956,False
1022,956,False
670,957,False
670,957,False
838,957,False
838,957,False
954,957,False
954,957,False
964,957,False
964,957,False
813,958,False
813,958,False
939,958,False
939,958,False
190,959,False
190,959,False
879,959,False
879,959,False
913,959,False
913,959,False
34,960,False
34,960,False
951,960,False
951,960,False
164,961,False
164,961,False
177,961,False
177,961,False
893,961,False
893,961,False
945,962,False
945,962,False
127,963,False
127,963,False
668,964,False
668,964,False
889,964,False
889,964,False
950,964,False
950,964,False
996,964,False
996,964,False
1062,964,False
1062,964,False
72,965,False
72,965,False
916,965,False
916,965,False
1056,965,False
1056,965,False
182,966,False
182,966,False
852,966,False
852,966,False
928,966,False
928,966,False
1066,966,False
1066,966,False
90,967,False
90,967,False
137,967,False
137,967,False
177,967,False
177,967,False
1080,967,False
1080,967,False
133,968,False
133,968,False
195,968,False
195,968,False
844,968,False
844,968,False
199,969,False
199,969,False
799,970,False
799,970,False
163,971,False
163,971,False
864,971,False
864,971,False
936,971,False
936,971,False
119,972,False
119,972,False
792,972,False
792,972,False
914,972,False
914,972,False
957,972,False
957,972,False
1046,972,False
1046,972,False
184,973,False
184,973,False
538,973,False
538,973,False
108,974,False
108,974,False
189,974,False
189,974,False
420,974,False
420,974,False
532,974,False
532,974,False
843,974,False
843,974,False
1072,974,False
1072,974,False
14,975,False
14,975,False
761,975,False
761,975,False
836,976,False
836,976,False
206,977,False
206,977,False
619,977,False
619,977,False
908,977,False
908,977,False
546,978,False
546,978,False
819,978,False
819,978,False
870,978,False
870,978,False
105,979,False
105,979,False
845,979,False
845,979,False
1049,979,False
1049,979,False
1106,979,False
1106,979,False
38,980,False
38,980,False
143,980,False
143,980,False
636,980,False
636,980,False
761,980,False
761,980,False
800,980,False
800,980,False
881,980,False
881,980,False
948,980,False
948,980,False
165,981,False
165,981,False
699,981,False
699,981,False
707,981,False
707,981,False
909,981,False
909,981,False
1079,981,False
1079,981,False
1109,981,False
1109,981,False
76,982,False
76,982,False
811,982,False
811,982,False
953,982,False
953,982,False
1073,982,False
1073,982,False
1114,982,False
1114,982,False
292,983,False
292,983,False
750,983,False
750,983,False
901,983,False
901,983,False
991,983,False
991,983,False
1093,983,False
1093,983,False
757,984,False
757,984,False
849,984,False
849,984,False
852,984,False
852,984,False
552,985,False
552,985,False
754,985,False
754,985,False
1062,985,False
1062,985,False
902,986,False
902,986,False
913,986,False
913,986,False
921,986,False
921,986,False
763,987,False
763,987,False
312,988,False
312,988,False
856,988,False
856,988,False
872,988,False
872,988,False
949,988,False
949,988,False
31,989,False
31,989,False
806,989,False
806,989,False
897,989,False
897,989,False
834,990,False
834,990,False
1083,990,False
1083,990,False
8,991,False
8,991,False
877,991,False
877,991,False
879,991,False
879,991,False
1124,991,False
1124,991,False
729,992,False
729,992,False
904,992,False
904,992,False
1185,992,False
1185,992,False
897,993,False
897,993,False
1063,993,False
1063,993,False
1104,993,False
1104,993,False
384,994,False
384,994,False
824,994,False
824,994,False
17,995,False
17,995,False
53,995,False
53,995,False
526,995,False
526,995,False
592,995,False
592,995,False
963,995,False
963,995,False
97,996,False
97,996,False
795,996,False
795,996,False
984,996,False
984,996,False
23,997,False
23,997,False
821,997,False
821,997,False
1004,997,False
1004,997,False
392,998,False
392,998,False
425,998,False
425,998,False
834,998,False
834,998,False
885,998,False
885,998,False
381,999,False
381,999,False
1039,999,False
1039,999,False
1048,999,False
1048,999,False
754,1000,False
754,1000,False
942,1000,False
942,1000,False
1044,1000,False
1044,1000,False
312,1001,False
312,1001,False
927,1001,False
927,1001,False
965,1001,False
965,1001,False
995,1001,False
995,1001,False
485,1002,False
485,1002,False
980,1002,False
980,1002,False
129,1003,False
129,1003,False
601,1003,False
601,1003,False
1112,1003,False
1112,1003,False
862,1004,False
862,1004,False
895,1004,False
895,1004,False
90,1005,False
90,1005,False
148,1006,False
148,1006,False
434,1006,False
434,1006,False
975,1006,False
975,1006,False
1001,1006,False
1001,1006,False
1023,1006,False
1023,1006,False
1099,1006,False
1099,1006,False
636,1007,False
636,1007,False
780,1007,False
780,1007,False
878,1007,False
878,1007,False
1103,1007,False
1103,1007,False
1122,1007,False
1122,1007,False
784,1008,False
784,1008,False
904,1008,False
904,1008,False
974,1009,False
974,1009,False
1093,1010,False
1093,1010,False
711,1011,False
711,1011,False
794,1011,False
794,1011,False
848,1011,False
848,1011,False
922,1011,False
922,1011,True
